schema_version,diagnostic_label,analysis_code_commit,source_row_index,question_hash,full_record_id,rkv_record_id,full_artifact_path,rkv_artifact_path,prompt_token_count,full_generated_token_count,rkv_generated_token_count,length_delta,rkv_compaction_count,first_compaction_absolute_position,final_retention_ratio,meaningful_compression_ceiling,meaningful_compression_occurred,common_prefix_token_count,divergence_exists,first_divergence_generated_index,first_divergence_absolute_position,fully_identical_sequences,identical_until_shorter_terminates,divergence_relation_to_first_compaction,divergence_distance_from_first_compaction,first_divergence_token_window_full,first_divergence_token_window_rkv,think_parse_status_full,think_parse_status_rkv,think_end_index_full,think_end_index_rkv,reasoning_region_category,identical_through_think,close_marker_token_id_full,close_marker_token_id_rkv,close_marker_repeats_after_first_full,close_marker_repeats_after_first_rkv,full_is_correct,rkv_is_correct,correctness_pair,flip_direction,extracted_answer_full,extracted_answer_rkv,extraction_method_full,extraction_method_rkv,malformed_answer_full,malformed_answer_rkv,cap_hit_full,cap_hit_rkv,termination_reason_full,termination_reason_rkv,post_think_decoded_snippet_full,post_think_decoded_snippet_rkv
1.0.0,post_hoc_diagnostic,5e05d9c99345d71be56f5dffdfbb6972c1d2f4b0,30,d48d64857c030e034f71da94f5e35cff47fb2a5ccd1fb851966e89a2659bb45d,base-full-gsm8k_calibration_50-30-seed42,base-rkv_b128-gsm8k_calibration_50-30-seed42,results\gate_artifacts\early_gap_v3_b128_full.jsonl.gz,results\gate_artifacts\early_gap_v3_b128_rkv_b128.jsonl.gz,96,518,651,133,5,129,0.31233243967828417,0.7,True,237,True,237,333,False,False,after_first_compaction,204,"16,15,24,198,151649,271,10061,594,11625,279,3491,3019,553","16,15,24,198,151649,271,1249,8253,20060,594,4231,220,16",generation_prompt_preopened_ok,generation_prompt_preopened_ok,235,235,post_think_answer,True,151649,151649,False,False,True,False,correct_wrong,correct_to_wrong,109,71.\overline{1},boxed,boxed,False,False,False,False,eos,eos,"

Let's solve the problem step by step.

**Step 1: Define the Variables**

Let Darrell's current age be \(7x\) and Allen's current age be \(11x\). The ratio of their ages is given as 7:11.

**Step 2: Set Up the Equation Based on Total Age**

The sum of their ages is 162 years:
\[
7x + 11x = 162
\]

**Step 3: Solve for \(x\)**

Combine like terms:
\[
18x = 162
\]

Divide both sides by 18:
\[
x = \f","

To determine Allen's age 10 years from now, follow these steps:

1. **Understand the Given Information:**
   - Darrell and Allen's current ages are in the ratio of \( 7:11 \).
   - The total of their current ages is \( 162 \) years.

2. **Set Up Variables:**
   - Let \( D \) represent Darrell's current age.
   - Let \( A \) represent Allen's current age.
   - According to the ratio, \( D:A = 7:1"
1.0.0,post_hoc_diagnostic,5e05d9c99345d71be56f5dffdfbb6972c1d2f4b0,63,09a1f6f4ccc6a195576515c83ba810036e3563e2b2ed1881c13c90f5ffc37f1a,base-full-gsm8k_calibration_50-63-seed42,base-rkv_b128-gsm8k_calibration_50-63-seed42,results\gate_artifacts\early_gap_v3_b128_full.jsonl.gz,results\gate_artifacts\early_gap_v3_b128_rkv_b128.jsonl.gz,126,467,430,-37,4,129,0.3063063063063063,0.7,True,170,True,170,296,False,False,after_first_compaction,167,"279,2790,7049,315,2176,74112,3786,311,8253,279,8084,3311,19081","279,2790,7049,315,2176,74112,315,279,1042,311,6851,279,8084",generation_prompt_preopened_ok,generation_prompt_preopened_ok,187,186,reasoning,False,151649,151649,False,False,True,False,correct_wrong,correct_to_wrong,1596,"\$1,\!560",boxed,boxed,False,False,False,False,eos,eos,"

**Solution:**

1. **Calculate the cost for the first half of the year (6 months):**

   - **Monthly charge:** \$140
   - **Number of months:** 6
   
   \[
   \text{Total cost for first half} = \$140 \times 6 = \$840
   \]

2. **Calculate the reduced charge for the second half of the year (6 months):**

   - **Original monthly charge:** \$140
   - **Reduction:** 10% of \$140
   - **Reduced monthl","

To determine the total amount Aleena paid for her streaming service, let's break down the costs step by step.

### Step 1: Calculate the Cost for the First Half of the Year
- **Monthly Charge:** \$140
- **Number of Months in the First Half:** 6 months

\[
\text{Cost for First Half} = \$140 \times 6 = \$840
\]

### Step 2: Calculate the Cost for the Second Half of the Year
- **Monthly Charge:** \"
1.0.0,post_hoc_diagnostic,5e05d9c99345d71be56f5dffdfbb6972c1d2f4b0,148,7c1ba632402e9dd45afe2facff39d1c8f0b5dea7c087ce5f7e17ff5fdc31e59a,base-full-gsm8k_calibration_50-148-seed42,base-rkv_b128-gsm8k_calibration_50-148-seed42,results\gate_artifacts\early_gap_v3_b128_full.jsonl.gz,results\gate_artifacts\early_gap_v3_b128_rkv_b128.jsonl.gz,122,295,326,31,3,129,0.4250559284116331,0.7,True,71,True,71,193,False,False,after_first_compaction,64,"1059,400,23,304,2297,11,279,2790,3311,1340,6551,311,279","1059,400,23,304,2297,11,358,8253,1246,1753,3220,1340,13214",generation_prompt_preopened_ok,generation_prompt_preopened_ok,122,117,reasoning,False,151649,151649,False,False,True,False,correct_wrong,correct_to_wrong,30,20,boxed,boxed,False,False,False,False,eos,eos,"

**Solution:**

1. **Identify the costs of the tickets:**
   - Adult ticket: \$12
   - Child ticket: \$10

2. **Calculate the total cost for 1 adult and 1 child ticket:**
   \[
   \$12 \ (\text{adult}) + \$10 \ (\text{child}) = \$22
   \]

3. **Determine the total amount given to the cashier:**
   - The change received is \$8.
   - Therefore, the total amount given is the sum of the ticket cost a","

To determine how much money Brittany gave the cashier, let's break down the problem step by step.

**Step 1: Identify the costs of the tickets**

- **Adult ticket:** \$12
- **Child ticket:** \$10

**Step 2: Calculate the total cost for 1 adult and 1 child ticket**

\[
\text{Total cost} = \$12 \, (\text{adult}) + \$10 \, (\text{child}) = \$22
\]

**Step 3: Determine the change received**

Brittan"
1.0.0,post_hoc_diagnostic,5e05d9c99345d71be56f5dffdfbb6972c1d2f4b0,176,e8aa751873f681ba49d9116ae9a8bf525ac1a162b75bf041e891e6c841774c26,base-full-gsm8k_calibration_50-176-seed42,base-rkv_b128-gsm8k_calibration_50-176-seed42,results\gate_artifacts\early_gap_v3_b128_full.jsonl.gz,results\gate_artifacts\early_gap_v3_b128_rkv_b128.jsonl.gz,102,312,339,27,3,129,0.4159090909090909,0.7,True,157,True,157,259,False,False,after_first_compaction,130,"151649,271,334,36842,25,56177,1654,525,2661,264,6957,448,264","151649,271,334,36842,25,56177,10061,594,1438,1495,279,3491,3019",generation_prompt_preopened_ok,generation_prompt_preopened_ok,151,151,post_think_answer,True,151649,151649,False,False,True,True,correct_correct,correct_to_correct,100,100,boxed,boxed,False,False,False,False,eos,eos,"

**Solution:**

We are given a race with a total of **240** participants, consisting of:

- **80** Japanese participants
- **Chinese participants** = Total participants - Japanese participants = 240 - 80 = **160**

We are also told that the **number of boys on the Chinese team** is **60**. To find the number of girls on the Chinese team, we subtract the number of boys from the total number of Chi","

**Solution:**

Let's break down the problem step by step.

1. **Determine the total number of participants:**
   \[
   \text{Total participants} = 240
   \]

2. **Identify the number of Chinese participants:**
   \[
   \text{Number of Chinese participants} = 240 - 60 = 180
   \]

3. **Calculate the number of girls on the Chinese team:**
   \[
   \text{Number of girls on Chinese team} = \text{Tot"
1.0.0,post_hoc_diagnostic,5e05d9c99345d71be56f5dffdfbb6972c1d2f4b0,243,30861a3b0fea0754c224e45f3c24c88176a2c4e45ae707a2da0f68bb39f55df1,base-full-gsm8k_calibration_50-243-seed42,base-rkv_b128-gsm8k_calibration_50-243-seed42,results\gate_artifacts\early_gap_v3_b128_full.jsonl.gz,results\gate_artifacts\early_gap_v3_b128_rkv_b128.jsonl.gz,120,494,604,110,5,129,0.29045643153526973,0.7,True,76,True,76,196,False,False,after_first_compaction,67,"25,220,16,20,4420,44739,24768,220,18,15,2849,284,220","25,220,16,20,4420,44739,353,220,18,15,2849,284,220",generation_prompt_preopened_ok,generation_prompt_preopened_ok,223,231,reasoning,False,151649,151649,False,False,True,False,correct_wrong,correct_to_wrong,250,2250,boxed,boxed,False,False,False,False,eos,eos,"

**Solution:**

1. **Calculate the total minutes Jason has spent calling his boss:**
   - **Minutes per day:** 15 minutes
   - **Number of days in the month:** 30 days
   - **Total minutes (boss calls):** \( 15 \, \text{minutes/day} \times 30 \, \text{days} = 450 \, \text{minutes} \)

2. **Add the extra minutes Jason has called others:**
   - **Minutes called to others:** 300 minutes
   - **Total","

Sure! Let's break down Jason's situation step by step to find out how many minutes he has left in his 30-day month.

### **Given:**
- **Total minutes in the month:** 1,000 minutes
- **Minutes per call with boss:** 15 minutes
- **Extra minutes for other calls:** 300 minutes
- **Total days in the month:** 30

### **Step 1: Calculate the Total Minutes Spent Calling His Boss**

Jason makes a 15-minu"
1.0.0,post_hoc_diagnostic,5e05d9c99345d71be56f5dffdfbb6972c1d2f4b0,262,7065494bcecb24a69764ddadd5483d69213d32d0ea4c922f169fec5849e3aade,base-full-gsm8k_calibration_50-262-seed42,base-rkv_b128-gsm8k_calibration_50-262-seed42,results\gate_artifacts\early_gap_v3_b128_full.jsonl.gz,results\gate_artifacts\early_gap_v3_b128_rkv_b128.jsonl.gz,94,366,357,-9,3,129,0.4288888888888889,0.7,True,177,True,177,271,False,False,after_first_compaction,142,"13,2585,1657,3594,38763,1558,1340,614,1431,1939,334,36842,25","13,2585,1657,3594,38763,1558,43537,3335,614,1431,1939,334,36842",generation_prompt_preopened_ok,generation_prompt_preopened_ok,126,126,post_think_answer,True,151649,151649,False,False,True,True,correct_correct,correct_to_correct,270,270,boxed,boxed,False,False,False,False,eos,eos,"

Sure! Let's solve the problem step by step.

**Problem:**
Maddison has 5 boxes with 50 marbles in each box. Then she gets 20 marbles from her friend. How many marbles does she have now?

**Solution:**

1. **Calculate the total number of marbles in the 5 boxes:**
   \[
   \text{Total marbles in boxes} = \text{Number of boxes} \times \text{Marbles per box}
   \]
   \[
   \text{Total marbles in box","

Sure! Let's solve the problem step by step.

**Problem:**
Maddison has 5 boxes with 50 marbles in each box. Then she gets 20 marbles from her friend. How many marbles does Maddison have now?

**Solution:**

1. **Calculate the total number of marbles in the 5 boxes:**
   
   Maddison has 5 boxes, and each box contains 50 marbles.
   
   \[
   \text{Total marbles in boxes} = 5 \times 50 = 250 \tex"
1.0.0,post_hoc_diagnostic,5e05d9c99345d71be56f5dffdfbb6972c1d2f4b0,271,2baf04e31d4e975c6e5cc8bb9db3a54aae4edf283ee1b94aeb7e34968d3c4bfa,base-full-gsm8k_calibration_50-271-seed42,base-rkv_b128-gsm8k_calibration_50-271-seed42,results\gate_artifacts\early_gap_v3_b128_full.jsonl.gz,results\gate_artifacts\early_gap_v3_b128_rkv_b128.jsonl.gz,104,440,417,-23,4,129,0.25961538461538464,0.7,True,165,True,165,269,False,False,after_first_compaction,140,"15,11030,624,151649,271,334,8304,14319,12,8304,12478,25,56177","15,11030,624,151649,271,334,36842,25,56177,10061,594,1438,1495",generation_prompt_preopened_ok,generation_prompt_preopened_ok,162,162,post_think_answer,True,151649,151649,False,False,True,False,correct_wrong,correct_to_wrong,20,12,boxed,boxed,False,False,False,False,eos,eos,"

**Step-by-Step Solution:**

1. **Determine the number of bedrooms in both houses:**
   - Each house has **3 bedrooms**.
   - There are **2 houses**.
   - **Total bedrooms** = \(2 \text{ houses} \times 3 \text{ bedrooms/house} = 6 \text{ bedrooms}\).

2. **Calculate the number of windows in the bedrooms:**
   - Each bedroom has **2 windows**.
   - **Total windows in bedrooms** = \(6 \text{ bedroo","

**Solution:**

Let's break down the problem step by step.

1. **Number of Bedrooms:**
   - Each house has **2 bedrooms**.
   - There are **2 houses**.
   - **Total number of bedrooms** = \(2 \text{ bedrooms/house} \times 2 \text{ houses} = 4 \text{ bedrooms}\).

2. **Windows in Bedrooms:**
   - Each bedroom has **2 windows**.
   - **Total number of windows in bedrooms** = \(4 \text{ bedrooms} \t"
1.0.0,post_hoc_diagnostic,5e05d9c99345d71be56f5dffdfbb6972c1d2f4b0,281,f0f8e9d4233b0b4b3312d7c0677dc18befb8ebdf47abff2db48aad35171ba0df,base-full-gsm8k_calibration_50-281-seed42,base-rkv_b128-gsm8k_calibration_50-281-seed42,results\gate_artifacts\early_gap_v3_b128_full.jsonl.gz,results\gate_artifacts\early_gap_v3_b128_rkv_b128.jsonl.gz,110,595,479,-116,4,129,0.34523809523809523,0.7,True,151,True,151,261,False,False,after_first_compaction,132,"18773,553,220,21,15,382,6025,9271,279,2790,18773,369,2176","18773,553,220,21,15,382,23949,11,358,3278,912,279,2790",generation_prompt_preopened_ok,generation_prompt_preopened_ok,202,180,reasoning,False,151649,151649,False,False,True,False,correct_wrong,correct_to_wrong,2450,13000,boxed,boxed,False,False,False,False,eos,eos,"

**Solution:**

Let's solve the problem step by step.

1. **Determine the number of spots on a mamba:**
   - A cobra has **70 spots**.
   - A cobra has **twice as many spots** as a mamba.
   - Therefore, the number of spots on a mamba is:
     \[
     \text{Mamba spots} = \frac{70}{2} = 35
     \]

2. **Calculate the total number of spots for all cobras:**
   - There are **40 cobras**.
   - Each ","

**Solution:**

1. **Determine the number of spots on a mamba:**
   
   Given that a cobra has **70 spots** and cobra has twice as many spots as a mamba, we can find the number of spots on a mamba by dividing the number of spots on a cobra by 2.
   
   \[
   \text{Mamba spots} = \frac{70}{2} = 35
   \]

2. **Calculate the total number of spots for all cobras:**
   
   - **Number of cobras:** 40
 "
1.0.0,post_hoc_diagnostic,5e05d9c99345d71be56f5dffdfbb6972c1d2f4b0,290,f2e1974622d51a7d1e599d532b1ad9cc8f118d566894e20a5400d8cd5eaef10f,base-full-gsm8k_calibration_50-290-seed42,base-rkv_b128-gsm8k_calibration_50-290-seed42,results\gate_artifacts\early_gap_v3_b128_full.jsonl.gz,results\gate_artifacts\early_gap_v3_b128_rkv_b128.jsonl.gz,121,406,780,374,7,129,0.14555555555555555,0.7,True,152,True,152,273,False,False,after_first_compaction,144,"11,279,2790,1372,315,58982,429,614,1012,2661,700,369,25009","11,279,2790,1372,315,58982,2661,700,374,220,18,24,15",generation_prompt_preopened_ok,generation_prompt_preopened_ok,165,160,reasoning,False,151649,151649,False,False,True,False,correct_wrong,correct_to_wrong,390,M = \frac{M}{10},boxed,boxed,False,False,False,False,eos,eos,"

**Solution:**

Let's break down the problem step by step.

1. **Determine Izzy's Medals:**
   - Ali has won 22 medals.
   - Izzy has 5 less medals than Ali.
   - **Izzy's Medals = Ali's Medals - 5**
   - **Izzy's Medals = 22 - 5 = 17**

2. **Calculate Combined Medals:**
   - **Total Combined Medals = Ali's Medals + Izzy's Medals**
   - **Total Combined Medals = 22 + 17 = 39**

3. **Understand th","

**Solution:**

Let's denote the total number of medals given out as \( M \).

1. **Calculate the number of medals Izzy has:**
   
   Izzy has 5 fewer medals than the friend Ali.
   
   \[
   \text{Izzy's medals} = \text{Ali's medals} - 5
   \]
   
   Let \( A \) represent Ali's medals. Then,
   
   \[
   \text{Izzy's medals} = A - 5
   \]

2. **Relate the total medals to find Ali's medals:**
   "
1.0.0,post_hoc_diagnostic,5e05d9c99345d71be56f5dffdfbb6972c1d2f4b0,307,336b088daff70c602c2e1b5cde07d18e433016ddd1180949710fd2cefa07453c,base-full-gsm8k_calibration_50-307-seed42,base-rkv_b128-gsm8k_calibration_50-307-seed42,results\gate_artifacts\early_gap_v3_b128_full.jsonl.gz,results\gate_artifacts\early_gap_v3_b128_rkv_b128.jsonl.gz,113,439,379,-60,3,129,0.47657841140529533,0.7,True,66,True,66,179,False,False,after_first_compaction,50,"8704,54735,32191,220,17,16302,817,2003,11,38385,1083,32191,220","8704,54735,32191,220,17,16302,1817,2003,11,38385,1083,32191,220",generation_prompt_preopened_ok,generation_prompt_preopened_ok,126,126,reasoning,False,151649,151649,False,False,False,False,wrong_wrong,wrong_to_wrong,1 \text{ week},4,boxed,boxed,False,False,False,False,eos,eos,"

**Solution:**

1. **Determine Joey's weekly weight loss:**
   
   Joey loses **8 pounds** over **4 weeks**.
   
   \[
   \text{Joey's weekly weight loss} = \frac{8 \text{ pounds}}{4 \text{ weeks}} = 2 \text{ pounds/week}
   \]

2. **Understand Sandy's weight loss:**
   
   Sandy loses the **same amount of weight** as Joey in **4 weeks**.
   
   \[
   \text{Sandy's total weight loss} = 8 \text{ p","

**Solution:**

We need to determine how many weeks it will take Sandy to lose the same amount of weight as Joey in a single week.

1. **Calculate Joey's weekly weight loss:**
   - Joey loses **8 pounds** in **4 weeks**.
   - **Weekly weight loss for Joey** = \(\frac{8 \text{ pounds}}{4 \text{ weeks}} = 2 \text{ pounds per week}\).

2. **Determine Sandy's weekly weight loss:**
   - Sandy loses th"
1.0.0,post_hoc_diagnostic,5e05d9c99345d71be56f5dffdfbb6972c1d2f4b0,308,d359a2adf29f597e0e2e908aeb13b62e563001155d8ac5960ec9f9a0f1f33165,base-full-gsm8k_calibration_50-308-seed42,base-rkv_b128-gsm8k_calibration_50-308-seed42,results\gate_artifacts\early_gap_v3_b128_full.jsonl.gz,results\gate_artifacts\early_gap_v3_b128_rkv_b128.jsonl.gz,111,448,358,-90,3,129,0.45085470085470086,0.7,True,21,True,21,132,False,False,after_first_compaction,3,"14938,13214,7049,400,16,18,323,374,1431,6088,369,400,16","14938,13214,7049,400,16,18,11,714,432,594,1431,6088,369",generation_prompt_preopened_ok,generation_prompt_preopened_ok,190,178,reasoning,False,151649,151649,False,False,True,False,correct_wrong,correct_to_wrong,6,2,boxed,boxed,False,False,False,False,eos,eos,"

To determine how much you will save by buying 2 tubs of ice cream and 4 packets of milk, follow these steps:

1. **Calculate the Savings per Item:**
   - **Ice Cream Tub:**
     - Original price: \$13
     - Discount price: \$11
     - Savings per tub: \$13 - \$11 = \$2
   - **Milk Packet:**
     - Discount price: \$0.5
     - Savings per packet: \$0.5

2. **Calculate the Total Savings:**
   - *","

**Solution:**

1. **Calculate the cost of 2 ice cream tubs:**
   
   - **Cost per tub:** \$11
   - **Number of tubs:** 2
   
   \[
   \text{Total cost for ice cream} = 2 \times \$11 = \$22
   \]

2. **Calculate the cost of 4 packets of milk:**
   
   - **Discount per packet:** \$0.5
   - **Number of packets:** 4
   
   \[
   \text{Total cost} = 4 \times \$0.5 = \$2
   \]

3. **Total amount to be"
1.0.0,post_hoc_diagnostic,5e05d9c99345d71be56f5dffdfbb6972c1d2f4b0,368,5efe7b03f61a0b981bd96ff6592e961036656a09de0bf7cf537d67237d008ccc,base-full-gsm8k_calibration_50-368-seed42,base-rkv_b128-gsm8k_calibration_50-368-seed42,results\gate_artifacts\early_gap_v3_b128_full.jsonl.gz,results\gate_artifacts\early_gap_v3_b128_rkv_b128.jsonl.gz,87,313,576,263,5,129,0.22507552870090636,0.7,True,48,True,48,135,False,False,after_first_compaction,6,"42920,594,3501,553,2326,13,2055,11,220,23,3501,54916,553","42920,594,3501,553,2326,13,4710,23949,11,358,30270,42920,594",generation_prompt_preopened_ok,generation_prompt_preopened_ok,109,72,reasoning,False,151649,151649,False,False,False,False,wrong_wrong,wrong_to_wrong,10,10,boxed,boxed,False,False,False,False,eos,eos,"

Let's solve the problem step by step.

**Step 1: Determine Sara's Score**
Sara scored **8 points**.

**Step 2: Calculate Erin's Current Score**
Erin has **three times more points** than Sara. This means:
\[
\text{Erin's Current Score} = 3 \times \text{Sara's Score} = 3 \times 8 = 24 \text{ points}
\]

**Step 3: Find Erin's Score Before Scoring the Additional Points**
Erin scored **14 more points","

**Solution:**

1. **Determine Sara's Points:**
   
   Sara scored **8 points**.
   
2. **Calculate Erin's Points After Scoring 14 More Points:**
   
   Erin scored **14 points** more than her original score. Therefore, her total points are:
   
   \[
   14 \text{ points (additional)} + 8 \text{ points (Sara's score)} = 22 \text{ points}
   \]
   
   So, Erin has **22 points** in total.

3. **Fin"
1.0.0,post_hoc_diagnostic,5e05d9c99345d71be56f5dffdfbb6972c1d2f4b0,374,ea246ed4733776fcd35d6d10617f6cefbf19bfdc5aeebc5cddb21f2e3b797297,base-full-gsm8k_calibration_50-374-seed42,base-rkv_b128-gsm8k_calibration_50-374-seed42,results\gate_artifacts\early_gap_v3_b128_full.jsonl.gz,results\gate_artifacts\early_gap_v3_b128_rkv_b128.jsonl.gz,97,319,349,30,3,129,0.42247191011235957,0.7,True,62,True,62,159,False,False,after_first_compaction,30,"1817,4279,315,10244,594,31912,35408,220,16,20972,315,14074,624","1817,4279,315,10244,594,31912,18644,220,16,20972,315,14074,817",generation_prompt_preopened_ok,generation_prompt_preopened_ok,69,89,reasoning,False,151649,151649,False,False,False,False,wrong_wrong,wrong_to_wrong,"45\,\text{kg}","45\,\text{kg}",boxed,boxed,False,False,False,False,eos,eos,"

**Step-by-Step Solution:**

1. **Total Number of Sheep:**
   Mary has a total of **30 sheep**.

2. **Dividing the Sheep:**
   She divides her sheep into two equal groups.
   \[
   \text{Number of sheep in each group} = \frac{30}{2} = 15 \text{ sheep}
   \]

3. **Milk Production from Each Group:**
   - **First half of the sheep:**
     \[
     15 \text{ sheep} \times 1 \text{ kg per sheep} = 15 \","

**Solution:**

1. **Total Number of Sheep:**
   
   Mary has a total of **30 sheep**.

2. **Dividing the Sheep:**
   
   She divides her sheep equally into two groups:
   
   - **First Group:** 15 sheep
   - **Second Group:** 15 sheep

3. **Milk Production per Group:**
   
   - **First Group:** Each of the 15 sheep produces **1 kg** of milk daily.
     \[
     15 \text{ sheep} \times 1 \text{ kg"
1.0.0,post_hoc_diagnostic,5e05d9c99345d71be56f5dffdfbb6972c1d2f4b0,389,27deb21eb8f749cf32ec4a668c4c20b77c31f3c97d0df761e47d4784fcc6de18,base-full-gsm8k_calibration_50-389-seed42,base-rkv_b128-gsm8k_calibration_50-389-seed42,results\gate_artifacts\early_gap_v3_b128_full.jsonl.gz,results\gate_artifacts\early_gap_v3_b128_rkv_b128.jsonl.gz,134,493,396,-97,4,134,0.2722117202268431,0.7,True,16,True,16,150,False,False,after_first_compaction,16,"11877,58419,4518,315,11833,3842,11877,14403,11,358,686,1795,1493","11877,58419,4518,315,11833,3842,14403,369,678,220,24,31227,11",generation_prompt_preopened_ok,generation_prompt_preopened_ok,201,192,reasoning,False,151649,151649,False,False,False,False,wrong_wrong,wrong_to_wrong,-12,12,boxed,boxed,False,False,False,False,eos,eos,"

To determine how much money David saves by purchasing a ride bracelet instead of buying individual ride tickets, let's break down the costs step by step.

### Step 1: Calculate the Total Cost if David Buys Ride Tickets
- **Cost per ride ticket:** \$2
- **Number of rides needed:** 9

\[
\text{Total cost for tickets} = 9 \text{ rides} \times \$2/\text{ride} = \$18
\]

### Step 2: Calculate the Tot","

To determine how much David can save by purchasing a ride bracelet instead of buying individual tickets for all 9 rides, let's break down the costs step by step.

### 1. **Calculate the Total Cost for Individual Tickets**
- **Number of Rides:** 9
- **Cost per Ride Ticket:** \$2
- **Total Cost for Tickets:** 
  \[
  9 \text{ rides} \times \$2/\text{ride} = \$18
  \]

### 2. **Calculate the Saving"
1.0.0,post_hoc_diagnostic,5e05d9c99345d71be56f5dffdfbb6972c1d2f4b0,392,c1f3e804a04b76e1e8b75aff68f5cda97237f5415bc9efaaceeaeccf55ab3f49,base-full-gsm8k_calibration_50-392-seed42,base-rkv_b128-gsm8k_calibration_50-392-seed42,results\gate_artifacts\early_gap_v3_b128_full.jsonl.gz,results\gate_artifacts\early_gap_v3_b128_rkv_b128.jsonl.gz,120,649,361,-288,3,129,0.46458333333333335,0.7,True,10,True,10,130,False,False,after_first_compaction,1,"279,2790,2783,315,9354,594,14652,15142,11,892,374,400,21","279,2790,2783,315,9354,594,4024,14652,15142,11,892,374,400",generation_prompt_preopened_ok,generation_prompt_preopened_ok,191,115,reasoning,False,151649,151649,False,False,False,False,wrong_wrong,wrong_to_wrong,36,40,boxed,boxed,False,False,False,False,eos,eos,"

**Solution:**

1. **Total Cost of Cable Subscription:**
   - Tim's cable subscription costs **\$60** per month.

2. **Cost of Individual Streaming Services:**
   - Netflix costs **\$10** per month.
   - Hulu costs **\$10** per month.
   - Disney Plus costs **\$10** per month.
   
   **Total cost without any savings:**
   \[
   \$10 \, (\text{Netflix}) + \$10 \, (\text{Hulu}) + \$10 \, (\text{Dis","

**Solution:**

1. **Determine the total cost of the original cable subscription:**
   
   \[
   \text{Original Subscription Cost} = \$60 \text{ per month}
   \]

2. **Calculate the combined cost of Hulu and Disney Plus:**
   
   \[
   \text{Hulu Cost} = \$10 \text{ per month}
   \]
   \[
   \text{Disney Plus Cost} = \$10 \text{ per month}
   \]
   \[
   \text{Combined Cost} = \$10 + \$10 = \$20 "
1.0.0,post_hoc_diagnostic,5e05d9c99345d71be56f5dffdfbb6972c1d2f4b0,423,95e5f2d591336b3e38b7363732cb3c16d8dd43ea54ba216f78e99ddb0042bc50,base-full-gsm8k_calibration_50-423-seed42,base-rkv_b128-gsm8k_calibration_50-423-seed42,results\gate_artifacts\early_gap_v3_b128_full.jsonl.gz,results\gate_artifacts\early_gap_v3_b128_rkv_b128.jsonl.gz,170,548,569,21,5,170,0.3048780487804878,0.7,True,33,True,33,203,False,False,after_first_compaction,33,"13,8704,279,30125,1389,33289,525,400,21,2686,1091,279,259","13,8704,279,30125,1389,33289,2783,400,21,2686,1091,279,259",generation_prompt_preopened_ok,generation_prompt_preopened_ok,182,157,reasoning,False,151649,151649,False,False,False,False,wrong_wrong,wrong_to_wrong,6,4,boxed,boxed,False,False,False,False,eos,eos,"

To solve the problem step by step:

1. **Determine the original cost of the tattered jeans:**
   
   \[
   \text{Cost of tattered jeans} = \$28
   \]

2. **Calculate the cost of the jogger jeans:**
   
   The jogger jeans are \$6 less than the tattered jeans.
   
   \[
   \text{Cost of jogger jeans} = \$28 - \$6 = \$22
   \]

3. **Find out how much Cole saved from each type of jeans:**
   
   - ","

Let's break down the problem step by step to find the difference between the original prices of the tattered and jogger jeans.

1. **Identify the given information:**
   - **Tattered Jeans Price:** \$28
   - **Jogger Jeans Price:** \$6 less than tattered jeans
   - **Total Savings:** \$6
   - **Fraction Saved from Tattered Jeans:** \( \frac{1}{3} \)
   - **Fraction Saved from Jogger Jeans:** \( "
1.0.0,post_hoc_diagnostic,5e05d9c99345d71be56f5dffdfbb6972c1d2f4b0,448,6da74dfb2a7cde35be8cad8348ce5ed7c517aae1247b97f9f771a4df5489043c,base-full-gsm8k_calibration_50-448-seed42,base-rkv_b128-gsm8k_calibration_50-448-seed42,results\gate_artifacts\early_gap_v3_b128_full.jsonl.gz,results\gate_artifacts\early_gap_v3_b128_rkv_b128.jsonl.gz,125,473,591,118,5,129,0.28251748251748254,0.7,True,53,True,53,178,False,False,after_first_compaction,49,"1372,315,67191,6088,553,279,6278,3349,382,12209,11,358,1477","1372,315,67191,6088,553,279,3349,817,20760,4407,382,12209,11",generation_prompt_preopened_ok,generation_prompt_preopened_ok,129,153,reasoning,False,151649,151649,False,False,True,False,correct_wrong,correct_to_wrong,539,294,boxed,boxed,False,False,False,False,eos,eos,"

**Solution:**

1. **Determine the cost per sneaker:**

   The salesman bought a case of 48 sneakers for a total of \$576.

   \[
   \text{Cost per sneaker} = \frac{\$576}{48} = \$12
   \]

2. **Calculate the revenue from the 17 sneakers sold on Monday:**

   He sold 17 sneakers at \$20 each.

   \[
   \text{Revenue from Monday} = 17 \times \$20 = \$340
   \]

3. **Determine the number of sneaker","

Let's determine the salesman's profit step by step.

**Given:**
- **Total number of sneakers:** 48
- **Cost per sneaker:** \$576
- **Total cost for the case:** \$576
- **Number of sneakers sold at the flash sale:** 17
- **Price per sneaker at the flash sale:** \$20
- **Price per sneaker sold to the department store:** \$25

**Step 1: Calculate the Total Cost**
The total cost for the case of snea"
1.0.0,post_hoc_diagnostic,5e05d9c99345d71be56f5dffdfbb6972c1d2f4b0,473,d240279b4063e04cd504d41efa92f441a6df9156a8b1ee09007c58621d37e9fe,base-full-gsm8k_calibration_50-473-seed42,base-rkv_b128-gsm8k_calibration_50-473-seed42,results\gate_artifacts\early_gap_v3_b128_full.jsonl.gz,results\gate_artifacts\early_gap_v3_b128_rkv_b128.jsonl.gz,94,442,381,-61,3,129,0.4578059071729958,0.7,True,91,True,91,185,False,False,after_first_compaction,56,"14924,817,4478,6696,264,2790,3084,315,220,16,17,15,14924","14924,817,4478,6696,264,2790,2487,3084,315,220,16,17,15",generation_prompt_preopened_ok,generation_prompt_preopened_ok,160,181,reasoning,False,151649,151649,False,False,False,False,wrong_wrong,wrong_to_wrong,10\%,10\%,boxed,boxed,False,False,False,False,eos,eos,"

**Solution:**

We are given:
- Total length of the shark: \( 10 \) feet
- Each remoras: \( 6 \) inches
- Number of remoras: \( 2 \)

**Step 1: Convert the total length of the shark from feet to inches.**
\[
1 \text{ foot} = 12 \text{ inches}
\]
\[
10 \text{ feet} = 10 \times 12 = 120 \text{ inches}
\]

**Step 2: Calculate the total length of the remoras.**
\[
2 \text{ remoras} \times 6 \text{ in","

To determine what percent of the shark's body length is occupied by the remoras, follow these steps:

1. **Convert Units to Match:**
   - Remoras length: \(2 \text{ remoras} \times 6 \text{ inches per remora} = 12 \text{ inches}\)
   - Shark length: \(10 \text{ feet} \times 12 \text{ inches per foot} = 120 \text{ inches}\)

2. **Calculate the Percentage:**
   \[
   \text{Percentage} = \left( \fr"
1.0.0,post_hoc_diagnostic,5e05d9c99345d71be56f5dffdfbb6972c1d2f4b0,484,0f822fbb0811bdf80fae5e0a54391aa6cc7cfb7cab69d2504f69f47458c69805,base-full-gsm8k_calibration_50-484-seed42,base-rkv_b128-gsm8k_calibration_50-484-seed42,results\gate_artifacts\early_gap_v3_b128_full.jsonl.gz,results\gate_artifacts\early_gap_v3_b128_rkv_b128.jsonl.gz,118,341,317,-24,3,129,0.4078341013824885,0.7,True,87,True,87,205,False,False,after_first_compaction,76,"284,220,17,19,198,59,2533,623,295,930,374,7086,705","284,220,17,19,198,59,921,623,295,930,29812,220,17",generation_prompt_preopened_ok,generation_prompt_preopened_ok,163,162,reasoning,False,151649,151649,False,False,True,True,correct_correct,correct_to_correct,240,240,boxed,boxed,False,False,False,False,eos,eos,"

**Solution:**

1. **Determine the number of oranges Stetson ate:**
   
   - Total oranges picked: \( 60 \)
   - Fraction of oranges eaten by Stetson: \( \frac{2}{5} \)
   
   \[
   \text{Oranges eaten} = 60 \times \frac{2}{5} = 24
   \]

2. **Calculate the total amount of money Stetson gave up:**
   
   - Amount given per orange: \( \$10 \)
   - Total money given: \( 24 \times 10 = 240 \)
   
  ","

**Solution:**

Stetson is giving up \$10 for each orange he eats. To find out how much money he gives up, follow these steps:

1. **Determine the number of oranges Stetson eats:**
   
   \[
   \text{Number of oranges} = \frac{2}{5} \times 60 = 24
   \]

2. **Calculate the total amount of money Stetson gives up:**
   
   \[
   \text{Total money} = 24 \text{ oranges} \times \$10/\text{orange} = \$"
1.0.0,post_hoc_diagnostic,5e05d9c99345d71be56f5dffdfbb6972c1d2f4b0,491,0e6917da254f9628339fe01af46d6cea6480a39db7e1ce845da507992460372a,base-full-gsm8k_calibration_50-491-seed42,base-rkv_b128-gsm8k_calibration_50-491-seed42,results\gate_artifacts\early_gap_v3_b128_full.jsonl.gz,results\gate_artifacts\early_gap_v3_b128_rkv_b128.jsonl.gz,99,276,276,0,2,129,0.6550802139037433,0.7,True,211,True,211,310,False,False,after_first_compaction,181,"1124,1318,90,36,70,5857,429,2765,944,4946,92,284,1124","1124,1318,90,36,70,5857,537,9099,92,284,1124,1318,90",generation_prompt_preopened_ok,generation_prompt_preopened_ok,122,122,post_think_answer,True,151649,151649,False,False,True,True,correct_correct,correct_to_correct,16,16,boxed,boxed,False,False,False,False,eos,eos,"

**Solution:**

1. **Determine the total capacity of the two trays:**
   \[
   \text{Total capacity} = 24 \text{ eggs/tray} \times 2 \text{ trays} = 48 \text{ eggs}
   \]

2. **Calculate the number of eggs that won't fit on the trays:**
   \[
   \text{Eggs that won't fit} = \text{Total eggs} - \text{Total capacity} = 64 \text{ eggs} - 48 \text{ eggs} = 16 \text{ eggs}
   \]

**Final Answer:**
\[
","

**Solution:**

1. **Determine the total capacity of the two trays:**
   \[
   \text{Total capacity} = 24 \text{ eggs/tray} \times 2 \text{ trays} = 48 \text{ eggs}
   \]

2. **Calculate the number of eggs that won't fit on the trays:**
   \[
   \text{Eggs not placed} = \text{Total eggs} - \text{Eggs placed} = 64 \text{ eggs} - 48 \text{ eggs} = 16 \text{ eggs}
   \]

**Final Answer:**
\[
\boxed{"
1.0.0,post_hoc_diagnostic,5e05d9c99345d71be56f5dffdfbb6972c1d2f4b0,538,3c4fc91451b6eb589ae952a9b02ef5c1bd289c4754890d43ba6b315989e650c0,base-full-gsm8k_calibration_50-538-seed42,base-rkv_b128-gsm8k_calibration_50-538-seed42,results\gate_artifacts\early_gap_v3_b128_full.jsonl.gz,results\gate_artifacts\early_gap_v3_b128_rkv_b128.jsonl.gz,126,292,325,33,3,129,0.4288888888888889,0.7,True,67,True,67,193,False,False,after_first_compaction,64,"22081,382,1249,5545,279,5795,315,220,22,17,348,22081,11","22081,382,1249,5545,279,5795,11,1340,3880,311,653,220,22",generation_prompt_preopened_ok,generation_prompt_preopened_ok,96,87,reasoning,False,151649,151649,False,False,True,False,correct_wrong,correct_to_wrong,18,54,boxed,boxed,False,False,False,False,eos,eos,"

**Solution:**

Emma's goal is to complete **72 vlogs** in a month. Let's break down her progress:

1. **First Week:** Emma made **18 vlogs**.
2. **Second Week:** Emma made **21 vlogs**.
3. **Third Week:** Emma made **15 vlogs**.

Let's calculate the total vlogs Emma has completed so far:
\[
18 \ (\text{First Week}) + 21 \ (\text{Second Week}) + 15 \ (\text{Third Week}) = 54 \ \text{vlogs}
\]

To","

Sure, let's break down the problem step by step to find out how many vlogs Emma needs to do to complete her goal of 72 vlogs in the month.

**Step 1: Determine the total number of vlogs Emma aims to make in the month.**
\[
\text{Total vlogs} = 72
\]

**Step 2: Calculate the number of vlogs Emma has completed so far this month.**
Emma completed:
- **First week:** 18 vlogs
- **Second week:** 21 vl"
1.0.0,post_hoc_diagnostic,5e05d9c99345d71be56f5dffdfbb6972c1d2f4b0,543,dd298e40caaedd1081e6a05ad3b4a6338f132b613c4da97170c859977f4e971d,base-full-gsm8k_calibration_50-543-seed42,base-rkv_b128-gsm8k_calibration_50-543-seed42,results\gate_artifacts\early_gap_v3_b128_full.jsonl.gz,results\gate_artifacts\early_gap_v3_b128_rkv_b128.jsonl.gz,100,411,352,-59,3,129,0.43015521064301554,0.7,True,158,True,158,258,False,False,after_first_compaction,129,"71287,25,56177,16,13,3070,47866,619,1310,355,594,10657,468","71287,25,56177,16,13,3070,35,24308,279,468,14857,817,5430",generation_prompt_preopened_ok,generation_prompt_preopened_ok,145,145,post_think_answer,True,151649,151649,False,False,True,True,correct_correct,correct_to_correct,6,6,boxed,boxed,False,False,False,False,eos,eos,"

**Step-by-Step Explanation:**

1. **Calculate Jairus's Total Earnings:**
   - **Earnings per task:** \$0.8
   - **Number of tasks completed:** 20
   - **Total earnings for Jairus:** 
     
     \[
     0.8 \times 20 = 16
     \]
     
     So, Jairus earns \$16 in total.

2. **Calculate Jenny's Total Earnings:**
   - **Earnings per task:** \$0.5
   - **Number of tasks completed:** 20
   - **Tota","

**Step-by-Step Explanation:**

1. **Determine the Earnings per Task:**
   - **Jairus:** \$0.80 per task
   - **Jenny:** \$0.50 per task

2. **Calculate Total Earnings for 20 Tasks:**
   - **Jairus:** 
     \[
     20 \text{ tasks} \times \$0.80/\text{task} = \$16.00
     \]
   - **Jenny:**
     \[
     20 \text{ tasks} \times \$0.50/\text{task} = \$10.00
     \]

3. **Calculate the Difference in"
1.0.0,post_hoc_diagnostic,5e05d9c99345d71be56f5dffdfbb6972c1d2f4b0,550,f5cc8b9f8550f2d6c785df4ff7895597e558fe62e40a5d451c2dc1ef176cb405,base-full-gsm8k_calibration_50-550-seed42,base-rkv_b128-gsm8k_calibration_50-550-seed42,results\gate_artifacts\early_gap_v3_b128_full.jsonl.gz,results\gate_artifacts\early_gap_v3_b128_rkv_b128.jsonl.gz,158,393,574,181,5,158,0.2982216142270862,0.7,True,10,True,10,168,False,False,after_first_compaction,10,"311,11047,279,2790,2783,315,279,3589,15118,6801,311,7627,1573","311,11047,279,2790,2783,315,678,279,3589,15118,6801,311,3695",generation_prompt_preopened_ok,generation_prompt_preopened_ok,61,263,reasoning,False,151649,151649,False,False,False,False,wrong_wrong,wrong_to_wrong,26.55,463.5,boxed,boxed,False,False,False,False,eos,eos,"

**Solution:**

1. **Calculate the cost of each type of item:**

   - **Notebooks:** 
     \[
     5 \text{ notebooks} \times \$1.50/\text{notebook} = \$7.50
     \]

   - ** Pens:**
     \[
     2 \text{ pens} \times \$0.25/\text{pen} = \$0.50
     \]

   - **Calculator:**
     \[
     1 \text{ calculator} \times \$12/\text{calculator} = \$12.00
     \]

   - **Geometry Set:**
     \[
     1 \te","

**Solution:**

1. **Calculate the total cost before the discount:**

   - **Note:** All purchases are before applying the discount.

   - **Note:** All costs are in dollars.

   \[
   \begin{align*}
   \text{Total cost} &= (\text{Note} \times \text{Number of Note}) + (\text{Pencil} \times \text{Number of Pencil}) \\
   &= (100 \times 5) + (5 \times 3) \\
   &= 500 + 15 \\
   &= \$515
   \end{ali"
1.0.0,post_hoc_diagnostic,5e05d9c99345d71be56f5dffdfbb6972c1d2f4b0,551,95bd09e9bcce379b15e48e7b2d3e70c26e9f6fa7a6ea95e608efb97ea7580d24,base-full-gsm8k_calibration_50-551-seed42,base-rkv_b128-gsm8k_calibration_50-551-seed42,results\gate_artifacts\early_gap_v3_b128_full.jsonl.gz,results\gate_artifacts\early_gap_v3_b128_rkv_b128.jsonl.gz,116,365,447,82,4,129,0.31494661921708184,0.7,True,18,True,18,134,False,False,after_first_compaction,5,"279,1372,315,56847,388,553,279,2783,817,88747,382,5847,11","279,1372,315,56847,388,553,862,3842,3349,25,220,20,56847",generation_prompt_preopened_ok,generation_prompt_preopened_ok,107,158,reasoning,False,151649,151649,False,False,True,False,correct_wrong,correct_to_wrong,17,20,boxed,boxed,False,False,False,False,eos,eos,"

**Solution:**

1. **Calculate the total cost of the hamburgers:**
   
   \[
   \text{Number of hamburgers} \times \text{Cost per hamburger} = 5 \times \$4 = \$20
   \]

2. **Calculate the total cost of the potato fries:**
   
   \[
   \text{Number of packs} \times \text{Cost per pack} = 10 \times \$0.30 = \$3.00
   \]

3. **Calculate the total cost of the fruit drinks:**
   
   \[
   \text{Numbe","

**Solution:**

Carly wants to treat her friends and needs to calculate the change she will receive after paying for her order. Here's a step-by-step breakdown of the calculations:

1. **Calculate the cost of the hamburgers:**
   - Number of hamburgers: 5
   - Price per hamburger: \$4
   - Total cost for hamburgers: \( 5 \times \$4 = \$20 \)

2. **Calculate the cost of the fruit packs:**
   - Num"
1.0.0,post_hoc_diagnostic,5e05d9c99345d71be56f5dffdfbb6972c1d2f4b0,578,d09c58e99911f2b94d31ca7253b5e3bae34d4e3f264c562ce5e7daaa53f3b8aa,base-full-gsm8k_calibration_50-578-seed42,base-rkv_b128-gsm8k_calibration_50-578-seed42,results\gate_artifacts\early_gap_v3_b128_full.jsonl.gz,results\gate_artifacts\early_gap_v3_b128_rkv_b128.jsonl.gz,107,401,331,-70,3,129,0.41189931350114417,0.7,True,24,True,24,131,False,False,after_first_compaction,2,"4279,315,220,17,15,311,419,5916,897,11,892,6696,220","4279,315,220,17,15,311,279,5916,897,13,25839,315,220",generation_prompt_preopened_ok,generation_prompt_preopened_ok,123,136,reasoning,False,151649,151649,False,False,True,False,correct_wrong,correct_to_wrong,48,-120,boxed,boxed,False,False,False,False,eos,eos,"

**Problem:**
Diane gave a number train a starting value of 20. This starting value plus half the number was divided by 5 and the resulting value was multiplied by the starting value minus 12. What was the final value of the number train?

**Solution:**

1. **Starting Value:**
   - Diane begins with the number **20**.

2. **Adding Half the Number to the Starting Value:**
   - Calculate half of 20","

Let's solve the problem step by step.

**Given:**
- Starting value = 20

**Steps:**

1. **Add half of the starting value to itself.**
   
   \[
   20 + \frac{1}{2} \times 20 = 20 + 10 = 30
   \]

2. **Divide the result by 5.**
   
   \[
   \frac{30}{5} = 6
   \]

3. **Subtract 12 from the result.**
   
   \[
   6 - 12 = -6
   \]

4. **Multiply the result by the original starting value (20).**
  "
1.0.0,post_hoc_diagnostic,5e05d9c99345d71be56f5dffdfbb6972c1d2f4b0,611,029b1d46a1f588c79db9b4e4ecc037416c5e6fdda69aeaeadb96b2a318d00a0b,base-full-gsm8k_calibration_50-611-seed42,base-rkv_b128-gsm8k_calibration_50-611-seed42,results\gate_artifacts\early_gap_v3_b128_full.jsonl.gz,results\gate_artifacts\early_gap_v3_b128_rkv_b128.jsonl.gz,130,772,479,-293,4,130,0.3667763157894737,0.7,True,3,True,3,133,False,False,after_first_compaction,3,"5338,11,358,8253,429,3757,15102,21189,400,16","5338,11,358,1184,311,8253,279,8090,315,3757",generation_prompt_preopened_ok,generation_prompt_preopened_ok,181,122,reasoning,False,151649,151649,False,False,False,False,wrong_wrong,wrong_to_wrong,9.0 \times 10^{17} \text{ dollars},150000,boxed,boxed,False,False,False,False,eos,eos,"

**Solution:**

1. **Initial Funding and Duration:**
   
   - **Initial Fund:** \$100,000
   - **Initial Duration:** 5 months

2. **Total Duration of Research:**
   
   - **Total Duration:** 10 × 5 = **50 months**

3. **Funding Increase:**
   
   - Starting from the 6th month, the funding increases by 50% each month.

4. **Calculating Total Cost:**
   
   - **Month 1 to Month 5:** \$100,000 (for ","

**Solution:**

1. **Determine the Duration of Research:**
   - John has initial funding for the first 5 months.
   - His research takes 10 times longer than the initial 5 months.
   - **Total Duration = 5 months (initial) + (10 × 5 months) = 55 months**

2. **Calculate the Cost Month by Month:**
   - **Month 1 to 5:** John's initial funding is $10,000 per month.
   - **Months 6 to 55:** The fund"
1.0.0,post_hoc_diagnostic,5e05d9c99345d71be56f5dffdfbb6972c1d2f4b0,616,14cfa10934f7745423809ba6f22cdec7582728f96e412c45528860881985ca6d,base-full-gsm8k_calibration_50-616-seed42,base-rkv_b128-gsm8k_calibration_50-616-seed42,results\gate_artifacts\early_gap_v3_b128_full.jsonl.gz,results\gate_artifacts\early_gap_v3_b128_rkv_b128.jsonl.gz,108,325,312,-13,3,129,0.38663484486873506,0.7,True,153,True,153,261,False,False,after_first_compaction,132,"18,14924,198,256,481,3070,3640,518,279,3972,315,10348,220","18,14924,198,256,481,3070,3727,315,10348,220,17,66963,576",generation_prompt_preopened_ok,generation_prompt_preopened_ok,81,81,post_think_answer,True,151649,151649,False,False,True,True,correct_correct,correct_to_correct,10,10,boxed,boxed,False,False,False,False,eos,eos,"

**Solution:**

1. **After the First Week:**
   - **Initial Height:** 3 inches
   - **End of Week 1:** The beanstalk was **3 inches tall**.

2. **After the Second Week:**
   - **Height at the Start of Week 2:** 3 inches
   - **Height at the End of Week 2:** The beanstalk doubled in height.
     \[
     3 \text{ inches} \times 2 = 6 \text{ inches}
     \]
   - **End of Week 2:** The beanstalk was ","

**Solution:**

1. **After the First Week:**
   - **Initial Height:** 3 inches
   - **End of Week 1:** The beanstalk was **3 inches tall**.

2. **After the Second Week:**
   - **Height at the Start of Week 2:** 3 inches
   - **End of Week 2:** The beanstalk doubled in height.
   - **Calculation:** \( 3 \text{ inches} \times 2 = 6 \text{ inches} \)
   - **End of Week 2:** The beanstalk is **6 inch"
1.0.0,post_hoc_diagnostic,5e05d9c99345d71be56f5dffdfbb6972c1d2f4b0,619,297086917a42d14569ec6555f82db1631f8a7c56190f50ec131e1f614f59db38,base-full-gsm8k_calibration_50-619-seed42,base-rkv_b128-gsm8k_calibration_50-619-seed42,results\gate_artifacts\early_gap_v3_b128_full.jsonl.gz,results\gate_artifacts\early_gap_v3_b128_rkv_b128.jsonl.gz,111,334,336,2,3,129,0.42376681614349776,0.7,True,74,True,74,185,False,False,after_first_compaction,56,"1372,315,8592,13826,817,19246,320,17,19,8,553,279,1372","1372,315,8592,13826,817,19246,553,279,1372,315,64257,13,1096",generation_prompt_preopened_ok,generation_prompt_preopened_ok,143,149,reasoning,False,151649,151649,False,False,True,False,correct_wrong,correct_to_wrong,76,124,boxed,boxed,False,False,False,False,eos,eos,"

**Solution:**

1. **Calculate the number of streetlights per intersection:**
   
   - Each pole has **4 streetlights**.
   - There are **6 poles** at each intersection.
   
   \[
   \text{Streetlights per intersection} = 4 \times 6 = 24
   \]

2. **Determine the total number of streetlights at all intersections:**
   
   - There are **4 intersections**.
   
   \[
   \text{Total streetlights} = 2","

**Solution:**

1. **Calculate the total number of streetlights:**
   
   - Each pole has 4 streetlights.
   - There are 6 poles on each intersection.
   - There are 6 intersections.

   \[
   \text{Total Streetlights} = 4 \text{ lights/pole} \times 6 \text{ poles/intersection} \times 6 \text{ intersections} = 144 \text{ streetlights}
   \]

2. **Determine the number of working streetlights:**
  "
1.0.0,post_hoc_diagnostic,5e05d9c99345d71be56f5dffdfbb6972c1d2f4b0,658,a288ad39876c7305aa7defc11e2ff3a870c48d7c60aacb84d9142719fca00431,base-full-gsm8k_calibration_50-658-seed42,base-rkv_b128-gsm8k_calibration_50-658-seed42,results\gate_artifacts\early_gap_v3_b128_full.jsonl.gz,results\gate_artifacts\early_gap_v3_b128_rkv_b128.jsonl.gz,130,495,600,105,5,130,0.2962962962962963,0.7,True,4,True,4,134,False,False,after_first_compaction,4,"5338,11,358,3278,8253,279,17233,882,369,19653,11","5338,11,358,3278,5185,279,2661,1995,25,5649,3179",generation_prompt_preopened_ok,generation_prompt_preopened_ok,212,246,reasoning,False,151649,151649,False,False,True,True,correct_correct,correct_to_correct,120,120,boxed,boxed,False,False,False,False,eos,eos,"

Let's break down the problem step by step to find the total cooking time for Finley's grocery store purchase.

### Step 1: Define the Variables
- Let \( R \) represent the cooking time for rice.
- Let \( P \) represent the cooking time for pork.
- Let \( B \) represent the cooking time for beans.

### Step 2: Given Information
1. **Rice:** \( R = 30 \) minutes.
2. **Pork:** It took 20 more minut","

To determine the total cooking time for Finley's rice, beans, and pork, let's break down the problem step by step.

### Given:
- **Rice Cooking Time:** 30 minutes
- **Pork Cooking Time:** 20 minutes more than rice
- **Beans Cooking Time:** Half the combined cooking time of pork and rice

### Step 1: Calculate the Cooking Time for Pork
\[
\text{Pork Cooking Time} = \text{Rice Cooking Time} + 20 \"
1.0.0,post_hoc_diagnostic,5e05d9c99345d71be56f5dffdfbb6972c1d2f4b0,724,b13dce67ede5758f2b4ae90e1d3e65afd8053fbefbba6edf284af0245eb8c883,base-full-gsm8k_calibration_50-724-seed42,base-rkv_b128-gsm8k_calibration_50-724-seed42,results\gate_artifacts\early_gap_v3_b128_full.jsonl.gz,results\gate_artifacts\early_gap_v3_b128_rkv_b128.jsonl.gz,112,628,650,22,5,129,0.32588699080157685,0.7,True,34,True,34,146,False,False,after_first_compaction,17,"1372,315,34254,1817,22502,702,11,892,374,220,16,17,34254","1372,315,34254,1817,22502,702,13,8886,22502,702,220,16,17",generation_prompt_preopened_ok,generation_prompt_preopened_ok,189,190,reasoning,False,151649,151649,False,False,True,False,correct_wrong,correct_to_wrong,18,72,boxed,boxed,False,False,False,False,eos,eos,"

To solve the problem step by step:

1. **Determine the total number of pizzas:**
   - There are 5 people (Bryce and 4 friends).
   - Each pizza has 12 slices.
   - **Total slices = 5 pizzas × 12 slices/pizza = 60 slices**

2. **Calculate the slices eaten by the first group:**
   - **Number of people in the first group:** 3 (Bryce and 2 friends)
   - **Fraction of pizzas eaten:** \( \frac{2}{3} \","

Let's solve the problem step by step.

**Problem Statement:**
Bryce and four of his friends ordered several pizzas. Each pizza has 12 slices. 

- **Bryce and two friends** ate **2/3** of their pizzas.
- **The remaining two friends** ate **3/4** of their pizzas.

**Step 1: Determine the Total Number of Pizzas**

Assume they ordered **6 pizzas** (a common multiple for 3 and 4).

**Step 2: Calculat"
1.0.0,post_hoc_diagnostic,5e05d9c99345d71be56f5dffdfbb6972c1d2f4b0,744,bad1d10bacc7e55841f662aec3f8042dce6338be2592d91b4a05890f5ca9c6c5,base-full-gsm8k_calibration_50-744-seed42,base-rkv_b128-gsm8k_calibration_50-744-seed42,results\gate_artifacts\early_gap_v3_b128_full.jsonl.gz,results\gate_artifacts\early_gap_v3_b128_rkv_b128.jsonl.gz,132,420,280,-140,3,132,0.3746958637469586,0.7,True,10,True,10,142,False,False,after_first_compaction,10,"9898,47048,686,39841,1817,1899,315,279,2003,11,358,3278,1795","9898,47048,686,39841,1817,1899,11,358,1191,553,24588,279,2790",generation_prompt_preopened_ok,generation_prompt_preopened_ok,173,114,reasoning,False,151649,151649,False,False,True,True,correct_correct,correct_to_correct,4,4,boxed,boxed,False,False,False,False,eos,eos,"

**Solution:**

To determine how many animals Melissa will groom each day of the week, follow these steps:

1. **Identify the number of animals for each type:**
   - Dogs: 8
   - Cats: 5
   - Birds: 3
   - Horses: 12

2. **Calculate the total number of animals:**
   \[
   \text{Total animals} = 8 \text{ (dogs)} + 5 \text{ (cats)} + 3 \text{ (birds)} + 12 \text{ (horses)} = 28 \text{ animals}
   \","

**Solution:**

Melissa has a total number of animals to groom each week, which includes dogs, cats, birds, and horses. Let's calculate the total number of animals:

\[
\text{Total animals} = 8 \text{ dogs} + 5 \text{ cats} + 3 \text{ birds} + 12 \text{ horses} = 28 \text{ animals}
\]

Melissa works 7 days a week, so to find out how many animals she can groom each day, we divide the total number "
1.0.0,post_hoc_diagnostic,5e05d9c99345d71be56f5dffdfbb6972c1d2f4b0,761,30f42be1129d516f43c93f7f73b7b96cbaf6aef9e50cad87f5358b01d7266fcc,base-full-gsm8k_calibration_50-761-seed42,base-rkv_b128-gsm8k_calibration_50-761-seed42,results\gate_artifacts\early_gap_v3_b128_full.jsonl.gz,results\gate_artifacts\early_gap_v3_b128_rkv_b128.jsonl.gz,99,479,423,-56,4,129,0.26103646833013433,0.7,True,61,True,61,160,False,False,after_first_compaction,31,"1372,315,7571,382,5847,11,1077,594,1477,279,2790,1372,315","1372,315,7571,382,5847,11,2474,1378,44626,315,619,3362,594",generation_prompt_preopened_ok,generation_prompt_preopened_ok,213,111,reasoning,False,151649,151649,False,False,True,False,correct_wrong,correct_to_wrong,27,9,boxed,boxed,False,False,False,False,eos,eos,"

Let's solve the problem step by step.

**Given:**
- Two-thirds of Jana's puppies are Pomeranians.
- One third of the Pomeranians are girls.
- There are **6** Pomeranian girls.

**Let:**
- \( P \) = Total number of puppies
- \( M \) = Number of Pomeranians
- \( G \) = Number of Pomeranian girls

**Step 1: Determine the number of Pomeranians (M)**
We know that one third of the Pomeranians are girl","

Let's solve the problem step by step.

1. **Determine the number of Pomeranians:**

   We know that:
   \[
   \text{Number of Pomeranian girls} = \frac{1}{3} \times \text{Number of Pomeranians}
   \]
   
   Given that there are 6 Pomeranian girls:
   \[
   6 = \frac{1}{3} \times \text{Number of Pomeranians}
   \]
   
   To find the total number of Pomeranians, multiply both sides by 3:
   \[
   "
1.0.0,post_hoc_diagnostic,5e05d9c99345d71be56f5dffdfbb6972c1d2f4b0,896,6dbed0240798dcb4f7f89584dbdee0ebcebe8eda87df3c15e56d0f34f6ab6751,base-full-gsm8k_calibration_50-896-seed42,base-rkv_b128-gsm8k_calibration_50-896-seed42,results\gate_artifacts\early_gap_v3_b128_full.jsonl.gz,results\gate_artifacts\early_gap_v3_b128_rkv_b128.jsonl.gz,106,390,572,182,5,129,0.24224519940915806,0.7,True,44,True,44,150,False,False,after_first_compaction,21,"220,18,4115,13,2055,11,279,12957,817,18645,374,220,18","220,18,4115,13,2055,11,369,1817,18645,11,806,23681,525",generation_prompt_preopened_ok,generation_prompt_preopened_ok,176,164,reasoning,False,151649,151649,False,False,True,False,correct_wrong,correct_to_wrong,250,"\$2,\!200",boxed,boxed,False,False,False,False,eos,eos,"

**Solution:**

1. **Calculate Total Revenue from Renting the Car:**
   
   - **Number of Rentals per Month:** 10
   - **Hours Rented Each Time:** 3 hours
   - **Payment per Hour:** \$25

   \[
   \text{Revenue per Rental} = 3 \text{ hours} \times \$25/\text{hour} = \$75
   \]
   
   \[
   \text{Total Revenue per Month} = 10 \text{ rentals} \times \$75/\text{rental} = \$750
   \]

2. **Subtract t","

**Solution:**

To determine John's profit from renting his car, we'll follow these steps:

1. **Calculate Total Revenue:**
   - **Hourly Rate:** John is paid \$25 per hour.
   - **Hours Rented Each Month:** He rents his car for 3 hours each time.
   - **Total Hours Rented in a Month:** 
     \[
     3 \text{ hours/rental} \times \text{Number of Rentals}
     \]
   - **Total Revenue:** 
     \[
 "
1.0.0,post_hoc_diagnostic,5e05d9c99345d71be56f5dffdfbb6972c1d2f4b0,897,6384adf877b3be73a0fce7278dd61c33d9b833a88e494daf37f0e7ec3c4e1fbf,base-full-gsm8k_calibration_50-897-seed42,base-rkv_b128-gsm8k_calibration_50-897-seed42,results\gate_artifacts\early_gap_v3_b128_full.jsonl.gz,results\gate_artifacts\early_gap_v3_b128_rkv_b128.jsonl.gz,98,519,418,-101,4,129,0.2524271844660194,0.7,True,48,True,48,146,False,False,after_first_compaction,17,"18,44,78531,382,12061,22410,1221,10788,220,20,803,78531,11","18,44,78531,382,12061,22410,10788,220,20,803,78531,11,3259",generation_prompt_preopened_ok,generation_prompt_preopened_ok,204,161,reasoning,False,151649,151649,False,False,True,False,correct_wrong,correct_to_wrong,1,5 - 2M,boxed,boxed,False,False,False,False,eos,eos,"

Let's solve the problem step by step.

**Step 1: Define Variables**

- Let \( M \) represent the number of notebooks Martha originally had.
- Joseph had 3 times as many notebooks as Martha, so Joseph initially had \( 3M \) notebooks.

**Step 2: Martha Buys More Notebooks**

- Martha bought 5 more notebooks, so her total number of notebooks became:
  \[
  M + 5
  \]
- According to the problem, af","

Let's solve the problem step by step.

**Given:**
- Joseph had 3 times as many notebooks as Martha.
- Martha bought 5 more notebooks.
- We need to find how many more notebooks Martha now has compared to Joseph.

**Step 1: Define the Variables**

Let:
- \( M \) = Number of notebooks Martha initially had.

Then, Joseph had:
- \( 3M \) notebooks.

**Step 2: Martha Buys More Notebooks**

Martha boug"
1.0.0,post_hoc_diagnostic,5e05d9c99345d71be56f5dffdfbb6972c1d2f4b0,900,c4ae8d1951190d223ab674849490c44d95ea11faa45207868af21d61ab14ac8f,base-full-gsm8k_calibration_50-900-seed42,base-rkv_b128-gsm8k_calibration_50-900-seed42,results\gate_artifacts\early_gap_v3_b128_full.jsonl.gz,results\gate_artifacts\early_gap_v3_b128_rkv_b128.jsonl.gz,121,467,359,-108,3,129,0.46346555323590816,0.7,True,12,True,12,133,False,False,after_first_compaction,4,"315,6816,1817,1697,1349,13671,13,80249,1349,220,16,15,6816","315,6816,1817,1697,1349,13671,323,3351,382,23619,1064,1349,220",generation_prompt_preopened_ok,generation_prompt_preopened_ok,162,139,reasoning,False,151649,151649,False,False,True,True,correct_correct,correct_to_correct,15,15,boxed,boxed,False,False,False,False,eos,eos,"

Let's solve the problem step by step.

**Given:**
- **Yesterday:**
  - Denise read **10 pages**
  - Daniel read **13 pages**
  
- **Today:**
  - Denise read **5 more** pages than Daniel read yesterday.
  - Daniel read **0 pages** today.

**Calculations:**

1. **Pages read today by Daniel:**
   \[
   \text{Daniel today} = 0 \text{ pages}
   \]
   
2. **Pages read today by Denise:**
   \[
   \text","

Let's break down the problem step by step to find out how many more pages Denise read than Daniel.

1. **Denise's Pages:**
   - **Yesterday:** Read 10 pages.
   - **Today:** Read 5 more pages than Daniel did yesterday. However, we don't have the exact number for today, but we can express it in terms of Daniel's reading yesterday.
   - **Total Pages Read by Denise:** \(10 \text{ pages (yesterday)"
1.0.0,post_hoc_diagnostic,5e05d9c99345d71be56f5dffdfbb6972c1d2f4b0,911,042c02746802e4b6763c837914f0f28fae17f14c6a32cd98c2e254791fc07dfb,base-full-gsm8k_calibration_50-911-seed42,base-rkv_b128-gsm8k_calibration_50-911-seed42,results\gate_artifacts\early_gap_v3_b128_full.jsonl.gz,results\gate_artifacts\early_gap_v3_b128_rkv_b128.jsonl.gz,117,371,689,318,6,129,0.20372670807453416,0.7,True,48,True,48,165,False,False,after_first_compaction,36,"13,6065,8063,4115,11,566,44595,220,20,15,14185,7530,413","13,6065,8063,4115,11,566,4278,389,220,20,15,54916,553",generation_prompt_preopened_ok,generation_prompt_preopened_ok,158,149,reasoning,False,151649,151649,False,False,False,False,wrong_wrong,wrong_to_wrong,78,80,boxed,boxed,False,False,False,False,eos,eos,"

**Solution:**

1. **Determine the number of packages Colby completes per hour:**
   
   Colby completes 50 packages per hour.

2. **Calculate the total number of packages completed in an 8-hour workday:**
   
   \[
   50 \text{ packages/hour} \times 8 \text{ hours} = 400 \text{ packages}
   \]

3. **Find out how many packages Colby works on 10 less than the above amount:**
   
   \[
   400 \text","

Sure, let's break down the problem step by step.

**Problem Statement:**
Colby is paid $0.20 for every package he completes. He works 10 hours a day, and we need to find out how much he earns in a typical workday.

**Solution:**

1. **Determine the number of packages Colby completes in one hour:**
   
   - Let's denote the number of packages completed in one hour as \( P \).
   - If Colby comple"
1.0.0,post_hoc_diagnostic,5e05d9c99345d71be56f5dffdfbb6972c1d2f4b0,918,693d1ef2d2a1a59661c7bf55bdb29e3c5a8105ca0fac9d68758285a5f7dbd8c5,base-full-gsm8k_calibration_50-918-seed42,base-rkv_b128-gsm8k_calibration_50-918-seed42,results\gate_artifacts\early_gap_v3_b128_full.jsonl.gz,results\gate_artifacts\early_gap_v3_b128_rkv_b128.jsonl.gz,102,297,384,87,3,129,0.47010309278350515,0.7,True,32,True,32,134,False,False,after_first_compaction,5,"5619,31415,11,10917,429,1372,1035,387,220,16,17,4143,5619","5619,31415,11,10917,429,1372,374,220,16,17,4143,5619,76067",generation_prompt_preopened_ok,generation_prompt_preopened_ok,106,125,reasoning,False,151649,151649,False,False,True,True,correct_correct,correct_to_correct,56,56,boxed,boxed,False,False,False,False,eos,eos,"

**Solution:**

1. **Number of Students Playing Tennis:**
   
   - Given: 6 students play tennis.

2. **Number of Students Playing Volleyball:**
   
   - Twice the number of students playing tennis: \( 2 \times 6 = 12 \) students.

3. **Number of Students Playing Soccer:**
   
   - Boys: 16
   - Girls: 22
   - Total: \( 16 + 22 = 38 \) students.

4. **Total Number of Students:**
   
   - Add up a","

**Step-by-Step Solution:**

1. **Number of Students Playing Tennis:**
   
   There are **6 students** playing tennis.

2. **Number of Students Playing Volleyball:**
   
   It's given that there are **twice** the number of students playing volleyball compared to tennis. 
   
   \[
   \text{Number of volleyball players} = 2 \times 6 = 12
   \]

3. **Number of Students Playing Soccer:**
   
   It's"
1.0.0,post_hoc_diagnostic,5e05d9c99345d71be56f5dffdfbb6972c1d2f4b0,925,f1e2438e022f77a7e40e2beffcb59a2ab9585a3c75e5278a2475981e45ef22a9,base-full-gsm8k_calibration_50-925-seed42,base-rkv_b128-gsm8k_calibration_50-925-seed42,results\gate_artifacts\early_gap_v3_b128_full.jsonl.gz,results\gate_artifacts\early_gap_v3_b128_rkv_b128.jsonl.gz,141,596,414,-182,4,141,0.30505415162454874,0.7,True,1,True,1,142,False,False,after_first_compaction,1,"1249,11625,279,3491,11,358,3278,1795","1249,8253,1246,1657,50122,315,3015,686",generation_prompt_preopened_ok,generation_prompt_preopened_ok,281,180,reasoning,False,151649,151649,False,False,False,True,wrong_correct,wrong_to_correct,12000,2000,boxed,boxed,False,False,False,False,eos,eos,"

**Solution:**

We start with **10,000 gallons** of water in the pool. Anthony and his father fill a tank with **half** of the pool's water.

1. **Calculate the water added by the pump:**
   \[
   \text{Water added} = \frac{1}{2} \times 10,\!000 = 5,\!000 \text{ gallons}
   \]

2. **Determine the total water in the tank after filling:**
   \[
   \text{Total water} = 5,\!000 \text{ gallons (from p","

To determine how much water remains in the pool after 6 days, follow these steps:

1. **Initial Amount of Water:**
   - **Pool Size:** 5,000 gallons

2. **Water Removal Rate:**
   - **Daily Removal:** 500 gallons

3. **Total Water Removed Over 6 Days:**
   \[
   \text{Total Removed} = 500 \, \text{gallons/day} \times 6 \, \text{days} = 3,000 \, \text{gallons}
   \]

4. **Water Remaining After 6 "
1.0.0,post_hoc_diagnostic,5e05d9c99345d71be56f5dffdfbb6972c1d2f4b0,935,298733e22a4f1a0dc82500ad0b041017a0e457aa2a53ac060de891828402e70b,base-full-gsm8k_calibration_50-935-seed42,base-rkv_b128-gsm8k_calibration_50-935-seed42,results\gate_artifacts\early_gap_v3_b128_full.jsonl.gz,results\gate_artifacts\early_gap_v3_b128_rkv_b128.jsonl.gz,152,847,730,-117,6,152,0.2724177071509648,0.7,True,14,True,14,166,False,False,after_first_compaction,14,"315,31855,8947,553,1817,9086,5662,304,264,1899,382,2461,279","315,31855,8947,553,1817,9086,34756,304,264,1899,323,1221,304",generation_prompt_preopened_ok,generation_prompt_preopened_ok,384,310,reasoning,False,151649,151649,False,False,True,False,correct_wrong,correct_to_wrong,64800,"\$17,\!280",boxed,boxed,False,False,False,False,eos,eos,"

**Solution:**

1. **Calculate the number of widgets produced by each widget machine in a day:**

   - **Widgeteer 3000:**
     \[
     \text{Widgets per hour} = 60 \\
     \text{Hours per day} = 24 \\
     \text{Total widgets per day} = 60 \times 24 = 1,\!440 \text{ widgets}
     \]

   - **WidgetMaster 9000:**
     \[
     \text{Widgets per hour} = 45 \\
     \text{Hours per day} = 24 \\
     \","

**Solution:**

Let's break down the problem step by step.

1. **Determine the production rate:**
   - Widgeteer 1 produces **6 widgets per hour**.
   - Widgeteer 2 produces **6 widgets per hour**, which is **double** the production of Widgeteer 1.

2. **Calculate the total production per month:**
   - **Assume** there are **30 hours in a month** (this can be adjusted if needed).
   - **Widgets p"
1.0.0,post_hoc_diagnostic,5e05d9c99345d71be56f5dffdfbb6972c1d2f4b0,940,a8011976d7ce0e0e2f99c3808d7391408c72adf63956afafef9a2f0fc0af4d34,base-full-gsm8k_calibration_50-940-seed42,base-rkv_b128-gsm8k_calibration_50-940-seed42,results\gate_artifacts\early_gap_v3_b128_full.jsonl.gz,results\gate_artifacts\early_gap_v3_b128_rkv_b128.jsonl.gz,110,290,265,-25,2,129,0.6550802139037433,0.7,True,55,True,55,165,False,False,after_first_compaction,36,"33845,220,22,6978,11,1817,738,705,369,220,20,2155,8682","33845,220,22,6978,11,1817,12235,311,264,2155,2906,382,1359",generation_prompt_preopened_ok,generation_prompt_preopened_ok,106,111,reasoning,False,151649,151649,False,False,False,False,wrong_wrong,wrong_to_wrong,56,56,boxed,boxed,False,False,False,False,eos,eos,"

To solve the problem, let's break it down step by step:

1. **Number of Children per Row:**
   - It is given that there are **8 children** standing in each row.

2. **Number of Rows:**
   - The problem states there are **7 rows**.

3. **Total Number of Children:**
   - Multiply the number of children per row by the total number of rows to get the total number of children.
   \[
   \text{Total Ch","

To determine the total number of children participating in the drill, let's break down the problem step by step.

1. **Children per Row:**
   - There are **8 children** standing in each row.

2. **Number of Rows:**
   - There are **7 rows** for each of the **5 different Schools**.

3. **Calculating Total Children:**
   - Each row has **8 children**.
   - With **7 rows**, the total number of chil"
1.0.0,post_hoc_diagnostic,5e05d9c99345d71be56f5dffdfbb6972c1d2f4b0,1013,e23136d3bfd0ee5ca7917e4bad52ff515bd0de960c56c975c2f64639343adef0,base-full-gsm8k_calibration_50-1013-seed42,base-rkv_b128-gsm8k_calibration_50-1013-seed42,results\gate_artifacts\early_gap_v3_b128_full.jsonl.gz,results\gate_artifacts\early_gap_v3_b128_rkv_b128.jsonl.gz,136,497,423,-74,4,136,0.3100358422939068,0.7,True,30,True,30,166,False,False,after_first_compaction,30,"15,15,15,1803,11,358,686,1795,1493,7354,1447,5338,11","15,15,15,1803,11,358,1156,11047,220,17,15,4,315",generation_prompt_preopened_ok,generation_prompt_preopened_ok,224,184,reasoning,False,151649,151649,False,False,True,False,correct_wrong,correct_to_wrong,2,1 \text{ week},boxed,boxed,False,False,False,False,eos,eos,"

**Step-by-Step Solution:**

1. **Calculate 20% of the car's cost:**
   \[
   20\% \text{ of } \$10,000 = 0.20 \times 10,000 = \$2,000
   \]
   So, Janet needs to save \$2,000.

2. **Determine Janet's weekly earnings:**
   - **Wage:** \$10/hour
   - **Tips:** \$15/hour
   - **Total per hour:** 
     \[
     \$10 + \$15 = \$25 \text{ per hour}
     \]
   - **Earnings per week:** 
     \[
     \$25","

**Solution:**

1. **Calculate the weekly earnings:**
   
   - **Wages per hour:** \$10
   - **Tips per hour:** \$15
   - **Total earnings per hour:** \$10 + \$15 = \$25
   
   - **Earnings per week:** 
     
     \[
     40\ \text{hours/week} \times \$25/\text{hour} = \$1000/\text{week}
     \]

2. **Determine the number of weeks needed to earn \$100 (down payment):**
   
   - **Down payment:** "
1.0.0,post_hoc_diagnostic,5e05d9c99345d71be56f5dffdfbb6972c1d2f4b0,1106,1a4e2bf2683ab853b585c01fd362ea01d8133a9eded17d945412a02eb67a6e2d,base-full-gsm8k_calibration_50-1106-seed42,base-rkv_b128-gsm8k_calibration_50-1106-seed42,results\gate_artifacts\early_gap_v3_b128_full.jsonl.gz,results\gate_artifacts\early_gap_v3_b128_rkv_b128.jsonl.gz,99,325,340,15,3,129,0.4132420091324201,0.7,True,37,True,37,136,False,False,after_first_compaction,7,"323,432,594,1660,17779,1119,220,19,6144,5479,13,2014,1477","323,432,594,1660,17779,1119,3040,6144,5479,13,2055,11,358",generation_prompt_preopened_ok,generation_prompt_preopened_ok,128,144,reasoning,False,151649,151649,False,False,False,False,wrong_wrong,wrong_to_wrong,5\ \text{cm},5\ \text{cm},boxed,boxed,False,False,False,False,eos,eos,"

**Solution:**

1. **Total Length of Ribbon:**
   
   Marty has a total of **100 centimeters** of ribbon.

2. **First Division:**
   
   Marty needs to cut the ribbon into **4 equal parts**.
   
   \[
   \text{Length of each part} = \frac{100\ \text{cm}}{4} = 25\ \text{cm}
   \]

3. **Second Division:**
   
   Each of these **25 cm** pieces needs to be divided into **5 equal parts**.
   
   \[
  ","

**Solution:**

1. **Determine the length of each of the four equal parts:**
   
   Marty has a total ribbon length of **100 centimeters**. He needs to cut this ribbon into **4 equal parts**.

   \[
   \text{Length of each part} = \frac{100\ \text{cm}}{4} = 25\ \text{cm}
   \]

2. **Determine the length of each of the five equal parts:**
   
   Each of the four parts (each **25 centimeters** long"
1.0.0,post_hoc_diagnostic,5e05d9c99345d71be56f5dffdfbb6972c1d2f4b0,1115,108dbd98a8139a89720bba86516be71c441f13844d2e00b278f8b22b85013635,base-full-gsm8k_calibration_50-1115-seed42,base-rkv_b128-gsm8k_calibration_50-1115-seed42,results\gate_artifacts\early_gap_v3_b128_full.jsonl.gz,results\gate_artifacts\early_gap_v3_b128_rkv_b128.jsonl.gz,123,302,309,7,3,129,0.4037122969837587,0.7,True,148,True,148,271,False,False,after_first_compaction,142,"1124,9640,256,1124,1318,90,54745,1283,2856,10164,92,284,32882","1124,9640,256,1124,1318,90,10093,7391,773,3041,92,284,32882",generation_prompt_preopened_ok,generation_prompt_preopened_ok,107,107,post_think_answer,True,151649,151649,False,False,True,False,correct_wrong,correct_to_wrong,5,6,boxed,boxed,False,False,False,False,eos,eos,"

**Solution:**

1. **Determine the initial amount spent:**
   
   Anna had a budget of \$16 and had already spent \$4.
   \[
   \text{Remaining after initial spending} = \$16 - \$4 = \$12
   \]

2. **Calculate the amount spent today:**
   
   After today's purchases, Anna has \$2 left in her budget.
   \[
   \text{Amount spent today} = \$12 - \$2 = \$10
   \]

3. **Find the cost of each book:**
 ","

**Solution:**

1. **Determine the initial amount spent:**
   
   Anna had a budget of \$16 and had already spent \$4.
   \[
   \text{Amount spent so far} = \$16 - \$4 = \$12
   \]

2. **Calculate the remaining budget:**
   
   After spending \$12, Anna has \$2 left.
   \[
   \text{Remaining budget} = \$12 - \$10 = \$2
   \]
   (Note: Since she bought two books, the total spent is \$12, leaving h"
1.0.0,post_hoc_diagnostic,5e05d9c99345d71be56f5dffdfbb6972c1d2f4b0,1143,8f8aee5f7ffafad8d49d30445276bd8eea505bbce92df087648aef8c99e4c078,base-full-gsm8k_calibration_50-1143-seed42,base-rkv_b128-gsm8k_calibration_50-1143-seed42,results\gate_artifacts\early_gap_v3_b128_full.jsonl.gz,results\gate_artifacts\early_gap_v3_b128_rkv_b128.jsonl.gz,88,347,364,17,3,129,0.43015521064301554,0.7,True,189,True,189,277,False,False,after_first_compaction,148,"18,13,3070,9885,279,10657,47406,2382,817,9742,25,1019,5872","18,13,3070,9885,279,10657,5624,315,47406,2382,817,9742,25",generation_prompt_preopened_ok,generation_prompt_preopened_ok,126,126,post_think_answer,True,151649,151649,False,False,True,True,correct_correct,correct_to_correct,300,300,boxed,boxed,False,False,False,False,eos,eos,"

**Step-by-Step Solution:**

1. **Determine the Number of Trees:**
   
   Tim has **5 trees**.

2. **Calculate the Number of Lemons per Tree per Year:**
   
   Each tree produces **6 lemons** annually.

3. **Find the Total Lemons per Year:**
   
   \[
   \text{Total Lemons per Year} = \text{Number of Trees} \times \text{Lemons per Tree} = 5 \times 6 = 30 \text{ lemons/year}
   \]

4. **Calculate ","

**Step-by-Step Solution:**

1. **Determine the Number of Trees:**
   
   Tim has **5 trees**.

2. **Calculate the Number of Lemons per Tree per Year:**
   
   Each tree produces **6 lemons** annually.

3. **Find the Total Number of Lemons per Year:**
   
   \[
   \text{Total Lemons per Year} = \text{Number of Trees} \times \text{Lemons per Tree} = 5 \times 6 = 30 \text{ lemons/year}
   \]

4. **"
1.0.0,post_hoc_diagnostic,5e05d9c99345d71be56f5dffdfbb6972c1d2f4b0,1153,7ff105924f5ef42bc8084f5eb94751b9989f54c9ff8095b4f23b6cd4d5128eb4,base-full-gsm8k_calibration_50-1153-seed42,base-rkv_b128-gsm8k_calibration_50-1153-seed42,results\gate_artifacts\early_gap_v3_b128_full.jsonl.gz,results\gate_artifacts\early_gap_v3_b128_rkv_b128.jsonl.gz,127,629,591,-38,5,129,0.28451882845188287,0.7,True,84,True,84,211,False,False,after_first_compaction,82,"11,773,358,11047,11387,594,4426,438,220,16,18,13,20","11,773,358,11047,11387,594,511,988,6436,438,220,17,353",generation_prompt_preopened_ok,generation_prompt_preopened_ok,293,178,reasoning,False,151649,151649,False,False,False,False,wrong_wrong,wrong_to_wrong,19,16,boxed,boxed,False,False,False,False,eos,eos,"

Let's solve the problem step by step.

**Given:**
- Jim collected **27** seashells.
- Jim's seashells = Carlos's seashells + 5.
- Carlos's seashells = 2 × Carrey's seashells.

**Let:**
- \( C \) = number of seashells Carlos collected.
- \( K \) = number of seashells Carrey collected.

From the problem:
1. **Carlos's seashells**:
   \[
   C = 27 - 5 = 22
   \]
2. **Carlos's seashells** is twice C","

**Solution:**

We are given a problem where three people—Carlos, Jim, and Carrey—play on the beach and collect seashells. The goal is to determine how many seashells each person gets after dividing them equally.

**Step 1: Define Variables**

Let’s denote the number of seashells collected by each person:
- **Carlos (C)** = ?
- **Jim (J)** = ?
- **Carrey (K)** = ?

**Step 2: Set Up Equations Base"
1.0.0,post_hoc_diagnostic,5e05d9c99345d71be56f5dffdfbb6972c1d2f4b0,1173,6206bc51a78315ffc176309157e0bdb07d5eb50510d21e8555c6370c7fce9df9,base-full-gsm8k_calibration_50-1173-seed42,base-rkv_b128-gsm8k_calibration_50-1173-seed42,results\gate_artifacts\early_gap_v3_b128_full.jsonl.gz,results\gate_artifacts\early_gap_v3_b128_rkv_b128.jsonl.gz,116,547,509,-38,4,129,0.38301282051282054,0.7,True,103,True,103,219,False,False,after_first_compaction,90,"5792,3745,11,49702,279,2790,1372,315,54587,553,279,1372,315","5792,3745,11,49702,279,2790,2783,315,400,16,17,553,279",generation_prompt_preopened_ok,generation_prompt_preopened_ok,212,293,reasoning,False,151649,151649,False,False,False,False,wrong_wrong,wrong_to_wrong,0,120,boxed,boxed,False,False,False,False,eos,eos,"

**Solution:**

1. **Determine the number of pods in the special box:**
   - **Regular box:** 100 pods
   - **Special box:** 20% more pods than the regular box
   - **Calculation:** 
     \[
     100 \text{ pods} + (20\% \times 100 \text{ pods}) = 100 + 20 = 120 \text{ pods}
     \]

2. **Calculate the number of cycles each box can run:**
   - **Cost of each box:** \$12
   - **Pods used per cycle","

Let's determine how many dishwash cycles you can run with \$1 using the special box.

**Given:**
- **Special Box:** 120 pods (20% more than a regular box)
- **Cost of Special Box:** \$12
- **Cost of Regular Box:** \$10
- **Price per Cycle:** 
  - Regular Box: \$0.10 per cycle
  - Special Box: \$0.10 per cycle

**Step 1: Calculate the Number of Cycles with the Special Box**

1. **Cost of Special "
1.0.0,post_hoc_diagnostic,5e05d9c99345d71be56f5dffdfbb6972c1d2f4b0,1235,78dd8c8b20f38c37bf2b306b4fa3ab15feae8b3eb6da642bbc6813a58d392456,base-full-gsm8k_calibration_50-1235-seed42,base-rkv_b128-gsm8k_calibration_50-1235-seed42,results\gate_artifacts\early_gap_v3_b128_full.jsonl.gz,results\gate_artifacts\early_gap_v3_b128_rkv_b128.jsonl.gz,123,561,472,-89,4,129,0.35185185185185186,0.7,True,48,True,48,171,False,False,after_first_compaction,42,"279,2790,6010,7937,702,30696,624,17,13,29901,279,11414,315","279,2790,6010,7937,702,30696,916,220,18,2849,624,17,13",generation_prompt_preopened_ok,generation_prompt_preopened_ok,250,160,reasoning,False,151649,151649,False,False,False,False,wrong_wrong,wrong_to_wrong,60\%,2.5\%,boxed,boxed,False,False,False,False,eos,eos,"

**Solution:**

We need to determine what percentage of the 6000 km distance Michael has covered after traveling for 3 days at an average speed of 50 km/hr.

**Step 1: Calculate the Total Distance Traveled**

Michael travels at an average speed of **50 km/hr** for **3 days**.

\[
\text{Total Time Traveled} = 3 \text{ days} \times 24 \text{ hours/day} = 72 \text{ hours}
\]

\[
\text{Total Distance","

To determine what percentage of the 6000 km distance Michael has covered, follow these steps:

1. **Identify the total distance and the distance Michael has traveled:**
   - **Total Distance:** 6000 km
   - **Distance Traveled by Michael:** 150 km (as calculated below)

2. **Calculate the Percentage:**
   
   The formula to find the percentage is:
   \[
   \text{Percentage} = \left( \frac{\text{"
1.0.0,post_hoc_diagnostic,5e05d9c99345d71be56f5dffdfbb6972c1d2f4b0,1265,4d6fc740fa65f34314d6eaf56b746ae322e82939700135b078bec4745629fc50,base-full-gsm8k_calibration_50-1265-seed42,base-rkv_b128-gsm8k_calibration_50-1265-seed42,results\gate_artifacts\early_gap_v3_b128_full.jsonl.gz,results\gate_artifacts\early_gap_v3_b128_rkv_b128.jsonl.gz,156,408,394,-14,4,156,0.2987249544626594,0.7,True,11,True,11,167,False,False,after_first_compaction,11,"8253,279,2790,3311,315,29464,1021,9354,3880,311,1281,13,1260","8253,279,2790,3311,315,29464,22815,2567,369,279,7314,4614,382",generation_prompt_preopened_ok,generation_prompt_preopened_ok,177,159,reasoning,False,151649,151649,False,False,False,False,wrong_wrong,wrong_to_wrong,30,6,boxed,boxed,False,False,False,False,eos,eos,"

**Solution:**

1. **Determine the total amount of lemonade needed:**
   - **Base lemonade:** 4 gallons
   - **Extra lemonade:** 1 gallon (twice as tart as the others)
   - **Total lemonade:** \(4 \text{ gallons} + 1 \text{ gallon} = 5 \text{ gallons}\)

2. **Calculate the total cups of lemon juice needed:**
   - **1 gallon of lemonade requires:** 1 cup of lemon juice
   - **Total lemon juice for","

To determine how many lemons Tim needs, let's break down the problem step by step.

### **1. Calculate the Total Lemon Juice Required**

- **Original Lemonade:**
  - **Gallons Needed:** 4 gallons
  - **Lemon Juice per Gallon:** 1 cup
  - **Total Lemon Juice:** \( 4 \text{ gallons} \times 1 \text{ cup/gallon} = 4 \text{ cups} \)

- **Additional Lemonade:**
  - **Tartine (Twist) Required:** 1 addi"
1.0.0,post_hoc_diagnostic,5e05d9c99345d71be56f5dffdfbb6972c1d2f4b0,1270,0200e6459433efc593e8e0cf77a51d6b94eb1e4a1f6bc1999fb64e896ca3ad6b,base-full-gsm8k_calibration_50-1270-seed42,base-rkv_b128-gsm8k_calibration_50-1270-seed42,results\gate_artifacts\early_gap_v3_b128_full.jsonl.gz,results\gate_artifacts\early_gap_v3_b128_rkv_b128.jsonl.gz,115,516,437,-79,4,129,0.30127041742286753,0.7,True,55,True,55,170,False,False,after_first_compaction,41,"11,304,279,2086,1042,11,2441,220,18,15,4,93089,10017","11,304,279,2086,1042,11,432,71958,657,2441,220,18,15",generation_prompt_preopened_ok,generation_prompt_preopened_ok,136,150,reasoning,False,151649,151649,False,False,True,True,correct_correct,correct_to_correct,3528,3528,boxed,boxed,False,False,False,False,eos,eos,"

**Solution:**

**Step 1: Determine the value after the first year of depreciation.**

- **Initial value of the boat:** \$9,000
- **Depreciation rate for the first year:** 30%

\[
\text{Depreciation amount for the first year} = 9,000 \times 0.30 = \$2,700
\]
\[
\text{Value after first year} = 9,000 - 2,700 = \$6,300
\]

**Step 2: Determine the value after the second year of depreciation.**

- **V","

**Solution:**

We are given that Gary bought a boat for \$9,000 and it depreciates in value over the years. The depreciation rates for each year are as follows:

- **First Year:** 30% depreciation
- **Second Year:** 30% depreciation
- **Third Year:** 20% depreciation

**Step 1: Calculate the Depreciation for Each Year**

1. **First Year Depreciation:**
   - Depreciation amount = \$9,000 × 30% = "
1.0.0,post_hoc_diagnostic,5e05d9c99345d71be56f5dffdfbb6972c1d2f4b0,1317,8140dfb089414657348452b17bf530d02849fe0437e55f06073644c2eb90ab5e,base-full-gsm8k_calibration_50-1317-seed42,base-rkv_b128-gsm8k_calibration_50-1317-seed42,results\gate_artifacts\early_gap_v3_b128_full.jsonl.gz,results\gate_artifacts\early_gap_v3_b128_rkv_b128.jsonl.gz,95,677,784,107,6,129,0.26993166287015946,0.7,True,249,True,249,344,False,False,after_first_compaction,215,"16,20,1124,8,1182,1119,279,23606,369,17767,272,1124,982","16,20,1124,8,1182,1119,17767,272,284,220,17,15,481",generation_prompt_preopened_ok,generation_prompt_preopened_ok,286,292,reasoning,False,151649,151649,False,False,True,False,correct_wrong,correct_to_wrong,5,-35,boxed,boxed,False,False,False,False,eos,eos,"

Let's solve the problem step by step.

**Problem:**
Farmer Brown has 20 animals on his farm, all either chickens or cows. The total number of legs is 70. How many of the animals are chickens?

**Solution:**

1. **Define Variables:**
   - Let \( c \) be the number of chickens.
   - Let \( k \) be the number of cows.

2. **Set Up Equations:**
   - Since there are a total of 20 animals:
     \[
   ","

Let's determine how many chickens there are on the farm.

**Step 1: Define the Variables**

- Let \( c \) represent the number of chickens.
- Let \( k \) represent the number of cows.

**Step 2: Set Up the Equations**

We know:
- There are a total of 70 legs.
- Chickens have 2 legs, and cows have 4 legs.

The total number of legs can be expressed as:
\[
2c + 4k = 70
\]

And the total number of a"
